{
    "actual_price_mean": 5701.620427715997,
    "actual_price_std": 11375.770300424556,
    "rating_mean": 4.103250641573996,
    "rating_std": 0.2899982988288832,
    "rating_count_mean": 17901.259195893927,
    "rating_count_std": 40331.14034251265
}